id,src,fu,t,loc,p,s,f,fo,sd,z,doc,v,di,nota,lat,lng,u
IS1,IS,InnovaSierras,"3Ha – Ruta 34, Niña Paula",Mina Clavero,,30000,,,O,ZEU2,Escritura,Luz,FALSE,"Llano, parquizado, pirca de piedras. A 1km del Baño de Los Dioses.",-31.741.416,-64.945.266,https://www.innovasierras.com/p/3722971-Terreno-en-Venta-en-Mina-Clavero-
IS2,IS,InnovaSierras,508–550m² – Calle Buenos Aires (30m del río),Mina Clavero,22000,529,16,33,S,Z2B,A confirmar,A consultar,FALSE,Zona 2B. A 30m del Río Mina Clavero. Plana con suave elevación al fondo.,-31.723.192,-64.998.234,https://www.innovasierras.com/p/7847329-Terreno-en-Venta-en-Mina-Clavero-Lotes-en-Venta-en-Mina-Clavero-a-30-mts-del-Río-|-Excelente-Ubicación
IS3,IS,InnovaSierras,"1.070m² – Boca del Río, Las Tapias",Las Tapias,10000,1070,25,43,O,GEN,A confirmar,A consultar,FALSE,A 300m del lago. Financiación disponible.,-319.144,-651.129,https://www.innovasierras.com/p/2760684-Terreno-en-Venta-en-Villa-De-Las-Rosas-FINANCIACION-Ultimo-Lote-de-1000-m2-a-300-mts-del-Lago-Boca-del-Río-|-Las-Tapias-|-Traslasierra
IS4,IS,InnovaSierras,1.478m² – Las Tapias,Las Tapias,10000,1478,30,49,O,GEN,Escritura,A consultar,FALSE,Escritura inmediata. Planos incluidos.,-31.96,-65.097,https://www.innovasierras.com/p/7847952-Terreno-en-Venta-en-Las-Tapias-Gran-Lote-en-Venta-en-Las-Tapias-|-1.478-m²-Planos-|-Escritura-Inmediata
IS5,IS,InnovaSierras,"1.000m² – La Aguadita, VLR",Villa de Las Rosas,10000,1000,25,40,O,VLR2,A confirmar,Servicios,FALSE,Excelente entorno.,-31.948,-65.05,https://www.innovasierras.com/p/6904548-Terreno-en-Venta-en-Villa-De-Las-Rosas-Terreno-de-1000-m2-en-La-Aguadita-Villa-de-Las-Rosas-|-Servicios-|-Excelente-entorno
IS6,IS,InnovaSierras,760m² – entre VLR y San Javier,Villa de Las Rosas,11000,760,22,35,O,VLR1,A confirmar,A consultar,FALSE,Último lote plano. Oportunidad.,-31.952,-65.056,https://www.innovasierras.com/p/4950382-Terreno-en-Venta-en-Villa-De-Las-Rosas-Último-lote-plano-entre-Villa-de-Las-Rosas-y-San-Javier-|-Oportunidad
IS7,IS,InnovaSierras,"1.000m² – Dique Nivelador, Las Tapias",Las Tapias,16000,1000,25,40,O,GEN,Escritura,"Gas, fibra, luz, agua",FALSE,Gas natural + fibra óptica.,-31.961,-65.098,https://www.innovasierras.com/p/4338150-Terreno-en-Venta-en-Villa-De-Las-Rosas-Venta-Terreno-1000-m²-en-Las-Tapias-|-Camino-al-Dique-Nivelador-|-Escritura-+-Servicios-y-Fibra
IS8,IS,InnovaSierras,"848m² – Boca del Río, Las Tapias",Las Tapias,18000,848,23,37,O,GEN,Escritura,"Gas, fibra, luz, agua",FALSE,Único lote con gas natural + fibra óptica.,-319.144,-651.125,https://www.innovasierras.com/p/4888551-Terreno-en-Venta-en-Las-Tapias-Último-lote-con-gas-natural-y-fibra-óptica-|-Boca-del-Río-(Las-Tapias)-|-Escritura
IS9,IS,InnovaSierras,1.600m² – Los Hornillos,Los Hornillos,20000,1600,30,53,O,GEN,Escritura,"Luz, agua",FALSE,Vista abierta al lago y sierras.,-31.903,-64.981,https://www.innovasierras.com/p/7956910-Terreno-en-Venta-en-Los-Hornillos-Terreno-de-1.600-m²-con-escritura-y-servicios-|-Vista-abierta-al-lago-y-sierras-|-Entorno-natural-en-Los-Hornillos
IS10,IS,InnovaSierras,"883m² – Los Pozos, VLR",Villa de Las Rosas,22000,883,23,38,O,VLR2,A confirmar,A consultar,FALSE,Sobre Ruta 14. Vista + proyección comercial.,-31.949.181,-65.053.598,https://www.innovasierras.com/p/7449004-Terreno-en-Venta-en-Villa-De-Las-Rosas-OPORTUNIDAD-Último-Terreno-sobre-Ruta-14-|-Los-Pozos-Villa-de-Las-Rosas-|-Impresionante-Vista-+-Proyección-Comercial
IS11,IS,InnovaSierras,"3.000m² – B° Solares del Champaquí, VLR",Villa de Las Rosas,23000,3000,40,75,O,VLR4,Escritura,"Luz, agua",FALSE,Escritura y servicios.,-31.95,-65.054,"https://www.innovasierras.com/p/7112627-Terreno-en-Venta-en-Villa-De-Las-Rosas-Terreno-en-Venta-de-3000-m2-en-B°-Solares-del-Champaquí,-Villa-de-Las-Rosas-|-ESCRITURA-Y-SERVICIOS"
IS12,IS,InnovaSierras,2.400m² – Villa de Las Rosas,Villa de Las Rosas,25000,2400,37,65,O,VLR3,Escritura,A consultar,FALSE,Vista increíble a las sierras.,-31.951,-65.055,https://www.innovasierras.com/p/6525265-Terreno-en-Venta-en-Villa-De-Las-Rosas-Venta-Hermoso-Lote-de-2400-m2-con-vista-Increíble-a-las-Sierras-|-Escritura-y-Servicios
IS13,IS,InnovaSierras,3.000m² – Las Rabonas,Las Rabonas,28000,3000,40,75,O,GEN,A confirmar,A consultar,FALSE,Vista soñada al lago y sierras.,-31.871,-64.98,https://www.innovasierras.com/p/7206952-Terreno-en-Venta-en-Las-Rabonas-En-venta-espectacular-lote-de-3000-m²-con-vistas-soñadas-al-lago-y-a-las-sierras.-Las-Rabonas
IS14,IS,InnovaSierras,"9.000m² – Las Calles, Nono",Las Calles,40000,9000,60,150,O,GEN,A confirmar,A consultar,FALSE,Vista amplia y abierta.,-31.824.121,-64.971.834,"https://www.innovasierras.com/p/7692451-Terreno-en-Venta-en-Nono-Venta-Terrenos-de-9mil-m2-y-1,5-hectáreas-en-Las-Calles-|-Traslasierra-|-Vista-Amplia-y-Abierta"
IS15,IS,InnovaSierras,2.560m² – Chacras de San Javier,Las Calles,47000,2560,36,71,O,GEN,A confirmar,A consultar,FALSE,En altura. Cercado y parquizado.,-31.824,-64.971,https://www.innovasierras.com/p/7535656-Terreno-en-Venta-en-San-Javier-B°-Chacras-de-San-Javier-|-San-Javier
IS16,IS,InnovaSierras,8.772m² – Los Hornillos (sobre ruta),Los Hornillos,58000,8772,60,146,O,GEN,A confirmar,A consultar,FALSE,Sobre ruta principal.,-31.904,-64.983,"https://www.innovasierras.com/p/6961898-Terreno-en-Venta-en-Los-Hornillos-Excelente-terreno-en-Los-Hornillos-sobre-ruta,-8.772-m2"
IS17,IS,InnovaSierras,7Ha – Las Tapias,Las Tapias,98000,72000,150,480,O,GEN,A confirmar,A consultar,FALSE,72.000m².,-31.98,-65.094,"https://www.innovasierras.com/p/7066089-Terreno-en-Venta-en-Las-Tapias-Hermoso-Terreno-de-7-Hectáreas-en-Venta,-Las-Tapias,-Traslasierra"
IS18,IS,InnovaSierras,"17,5Ha – Quebrada de Los Pozos, VLR",Villa de Las Rosas,175000,175000,250,700,O,VLR5,A confirmar,A consultar,FALSE,Zona 4. Vista a las sierras.,-31.923,-65.04,"https://www.innovasierras.com/p/7752411-Terreno-en-Venta-en-Villa-De-Las-Rosas-Terreno-de-17,5-hectáreas-en-venta-|-Zona-4-|-Vista-a-las-Sierras-|-Quebrada-de-Los-Pozos–-Villa-de-Las-Rosas"
R1,R,Rodríguez Inmobiliaria,~250m² – Pampa de Achala 1855,Mina Clavero,15000,250,10,25,S,ZEU,A confirmar,A consultar,FALSE,10 cuadras de la plaza. Zona extra-urbana norte.,-31.720.061,-65.004.479,https://rodriguezinmuebles.com.ar/propiedades/lote-baldio-a-10-cuadras-de-la-plaza-en-mina-clavero-oportunidad/
R2,R,Rodríguez Inmobiliaria,"322m² – Barrio San Sebastián, Costanera",Mina Clavero,22000,322,13.9,27,E,Z3,A consultar,A consultar,TRUE,"Lote irregular (trapezoidal). 13.9m frente, laterales 22.31m y 27.21m, fondo 13m. A 50m del Río Los Sauces.",-31.745.233,-65.011.278,https://rodriguezinmuebles.com.ar/propiedades/lote-en-b-san-sebastian-a-50-mt-del-rio-los-sauces-mina-clavero/
R3,R,Rodríguez Inmobiliaria,"360m² – Los Tilos 1945, Barrio Villanueva",Mina Clavero,34000,360,12,30,S,Z2B,A consultar,"Luz, agua",TRUE,12m frente × 30m fondo. Pavimento. Barrio residencial. A 300m del centro.,-3.172.438,-65.009.236,https://rodriguezinmuebles.com.ar/propiedades/terreno-baldio-zona-residencial-a-pasos-del-centro-de-mina-clavero/
R4,R,Rodríguez Inmobiliaria,"~500m² – José Mármol 1000, Barrio Villanueva",Mina Clavero,34000,500,12,42,S,Z2B,A consultar,A consultar,FALSE,"200m de Av San Martín, 200m del río Los Sauces.",-317.265,-65.007,https://rodriguezinmuebles.com.ar/propiedades/terreno-baldio-centrico-en-mina-clavero/
R5,R,Rodríguez Inmobiliaria,"1.180m² – Camino Boca del Río, Las Tapias",Las Tapias,26000,1180,25,47,O,GEN,A consultar,A consultar,FALSE,A 150m del lago.,-319.144,-651.129,https://rodriguezinmuebles.com.ar/propiedades/terreno-baldio-camino-a-boca-del-rio-en-las-tapias/
R6,R,Rodríguez Inmobiliaria,"Fracciones – Bajo El Molino, Nono",Nono,26900,1000,25,40,O,NP,A consultar,"Luz, agua",FALSE,"9 fracciones. 600m de ruta, 200m Río Chico, 800m Río Los Sauces.",-31.811.352,-65.009.691,https://rodriguezinmuebles.com.ar/propiedades/2612/
R7,R,Rodríguez Inmobiliaria,"Fracciones – zona Museo Rocsen, Nono",Nono,28000,1000,25,40,O,NSC,A consultar,Luz eléctrica,FALSE,5km de la plaza. Vistas 360°.,-31.793.696,-64.997.905,https://rodriguezinmuebles.com.ar/propiedades/fracciones-de-terreno-zona-museo-rocsen/
R8,R,Rodríguez Inmobiliaria,"21.979m² – Ruta 14 Km 106, San Huberto",San Huberto,55000,21979,39,564,O,ZEU,A consultar,A consultar,TRUE,39m frente a la ruta. Lote muy alargado. Vistas Altas Cumbres.,-31.837.223,-64.995.039,https://rodriguezinmuebles.com.ar/propiedades/21-979-m2-sobre-ruta-en-san-huberto-nono/
R9,R,Rodríguez Inmobiliaria,468m² – Remedios de Escalada 32 (Plaza Nono),Nono,60000,468,15.5,30,O,NC,A consultar,Todos los servicios,FALSE,A 30m de la plaza de Nono. Zona comercial. Apto locales + deptos.,-31.795.835,-65.002.726,https://rodriguezinmuebles.com.ar/propiedades/unico-lote-centrico-a-30-mt-de-la-plaza-en-nono/
R10,R,Rodríguez Inmobiliaria,"4.100m² – Camino Ventana, Las Rabonas",Las Rabonas,60000,4100,50,82,O,GEN,Escritura,Agua y luz,FALSE,2 terrenos juntos (~2.020+2.080m²). A 300m Ruta 14. Escritura.,-31.899.101,-64.981.509,https://rodriguezinmuebles.com.ar/propiedades/terreno-en-las-rabonas-con-inigualables-vistas/
R11,R,Rodríguez Inmobiliaria,10.198m² – El Alto de Nono,Nono,106000,10198,71,144,O,NP,A consultar,A consultar,TRUE,71m frente × 141m fondo. Salida a 2 calles. Zona de vistas únicas.,-31.803.649,-64.982.945,https://rodriguezinmuebles.com.ar/propiedades/fraccion-de-terreno-en-el-alto-de-nono-con-lindas-vistas/
R12,R,Rodríguez Inmobiliaria,18.454m² con costa de Río Chico,Nono,185000,18454,70,264,E,NR,A consultar,A consultar,TRUE,70m frente al río. Apto turístico. FOS 0.05 confirmado (solo 922m² de planta).,-3.179.802,-65.001.136,https://rodriguezinmuebles.com.ar/propiedades/espectacular-sitio-con-costa-de-rio-a-10-cuadras-de-la-plaza-en-nono/
R13,R,Rodríguez Inmobiliaria,"1.497m² – Espinillo s/n, Los Hornillos",Los Hornillos,22000,1497,25,40,O,GEN,A consultar,A consultar,FALSE,"A 200m de Ruta 14. Llano, alambrado perimetral.",-31.903,-64.981,https://rodriguezinmuebles.com.ar/propiedades/terreno-en-los-hornillos-a-200-mt-de-la-ruta/
R14,R,Rodríguez Inmobiliaria,"1.646m² – Barrio El Tajamar, Las Rabonas",Las Rabonas,28000,1646,30,55,O,GEN,A consultar,A consultar,FALSE,Av San Martín y El Tero. Vegetación autóctona.,-31.871,-64.981,https://rodriguezinmuebles.com.ar/propiedades/terreno-en-las-rabonas-con-mejoras-y-vista-a-las-sierras/
R15,R,Rodríguez Inmobiliaria,"27.000m² – Av de Los Recuerdos, Las Calles",Las Calles,56000,27000,100,270,O,GEN,A consultar,"Luz, agua",FALSE,3 terrenos. Vistas a las Altas Cumbres.,-31.824.121,-64.971.834,https://rodriguezinmuebles.com.ar/propiedades/3-terrenos-en-las-calles-con-impactantes-vistas-a-las-altas-cumbres/
R16,R,Rodríguez Inmobiliaria,"11.888m² – Bajo El Molino, Nono",Nono,,11888,70,170,O,NR,A consultar,A consultar,FALSE,A 150m del Río Los Sauces. Alambrado 6 hilos.,-31.816.382,-65.012.742,https://rodriguezinmuebles.com.ar/propiedades/fracc-de-terreno-a-150-mt-del-rio-en-nono/
Ri1,Ri,Riegé Inmobiliaria,360m² – Los Tilos y Rodolfo Riegé,Mina Clavero,39500,360,12,30,S,Z2B,Escritura,"Luz, agua",TRUE,12m frente × 30m fondo. Frente a Plaza de los Niños. Barrio residencial consolidado.,-31.725.401,-65.009.351,https://www.riegeinmobiliaria.com/detalle-propiedades/terreno-en-venta%2C-mina-clavero-c%C3%B3rdoba
Ri2,Ri,Riegé Inmobiliaria,5.445m² – Av San Martín y Casimiro Velazco,Mina Clavero,1800000,5445,60,91,O,Z4,A consultar,Todos los servicios,FALSE,"Lote comercial premium. Zona 4: FOS 0.80, FOT 1.50 confirmados. Centro de MC.",-31.724.835,-65.004.131,https://www.riegeinmobiliaria.com/detalle-propiedades/%C2%A1gran-oportunidad-de-inversi%C3%B3n-en-el-coraz%C3%B3n-del-valle-de-traslasierra!
G1,G,Inmobiliaria Giordano,"500m² – Barrio Las Moras, 400m del Río",Mina Clavero,45000,500,15,33,S,Z2B,A confirmar,A consultar,FALSE,A 400m del Río de los Sauces. Oportunidad.,-317.268,-650.018,https://inmobiliariagiordano.com.ar/property/lote-en-venta-a-400m-de-rio-de-los-sauces-mina-clavero-cordoba/
G2,G,Inmobiliaria Giordano,"Terreno – Panaholma, Córdoba",Panaholma,17000,1000,25,40,O,GEN,A confirmar,A consultar,FALSE,Campo en Panaholma.,-31.633,-65.055,https://inmobiliariagiordano.com.ar/property/%f0%9f%8c%84-venta-de-terreno-panaholma-cordoba-%f0%9f%8f%a1/
LS1,LS,López Sacco Inmobiliaria,3 lotes – Bajo El Molino / Río Sauces,Nono,26000,3000,40,75,O,NP,A consultar,A consultar,FALSE,Se venden en block o separado. A metros del Río de los Sauces.,-31.795,-65.0,https://lopezsacco.com/lote-terreno-venta-nono/9885991
LS2,LS,López Sacco Inmobiliaria,Lotes Nono – vistas (block),Nono,99000,5000,50,100,O,NP,A consultar,A consultar,FALSE,Venta en block. Hermosas vistas.,-31.797,-64.998,https://lopezsacco.com/lote-terreno-venta-nono/9787253
LS3,LS,López Sacco Inmobiliaria,"Lote – San Lorenzo, Traslasierra",San Lorenzo (MC),14900,1000,25,40,O,ZEU,A consultar,A consultar,FALSE,10 minutos de MC y Villa Cura Brochero.,-31.673,-65.016,https://lopezsacco.com/lote-terreno-venta-san-lorenzo/9587822
LS4,LS,López Sacco Inmobiliaria,325m² – Costanera San Sebastián,Mina Clavero,27800,325,10,32.5,E,Z3,Escritura,"Electricidad, agua, internet, cable",TRUE,"Frente al Río de Los Sauces. Plano, parcialmente forestado. Escritura. Todos los servicios.",-317.452,-65.01,https://lopezsacco.com/lote-de-playa-venta-san-sebastian-mina-clavero/9750717
LS5,LS,López Sacco / Barros Prop.,"1.000m² – Barrio Cerrado ""Terrazas del Valle""",Arroyo de los Patos,28000,1000,25,40,O,ZEU,Cesión de derechos,"Luz, agua",FALSE,5km de MC por Av. Marcos López (asfalto). 3.5km de Nono. 800m del río. Barrio cerrado.,-31.767,-65.001,https://lopezsacco.com/lote-terreno-venta-arroyo-de-los-patos-mina-clavero/9550479
GP1,GP,Gutiérrez Palma Inmobiliaria,Lotes – Yacanto,Yacanto,,2000,35,57,O,SJZ3,Consultar,A consultar,FALSE,Entorno natural serrano.,-32.042,-65.034,https://gutierrezpalma.com.ar/propiedad/oportunidad-de-inversion-lotes-en-yacanto/
GP2,GP,Gutiérrez Palma Inmobiliaria,Lote 8.910m² esquina – Luyaba,Luyaba,,8910,66,135,O,SJZ1,Consultar,A consultar,TRUE,66m frente × 135m fondo. Depto. San Javier.,-32.149,-65.058,https://gutierrezpalma.com.ar/propiedad/lote-en-venta-luyaba-san-javier/
GP3,GP,Gutiérrez Palma Inmobiliaria,Lote – San Javier,San Javier,,1000,25,40,O,SJZ4,Consultar,A consultar,FALSE,Viví donde otros sueñan vacacionar.,-32.027,-65.03,https://gutierrezpalma.com.ar/propiedad/lote-en-venta-san-javier/
GP4,GP,Gutiérrez Palma Inmobiliaria,"Lote – Achiras Arriba, San Javier",Achiras,,10000,65,154,O,SJZ1,Consultar,A consultar,FALSE,Al pie de las sierras. Entorno privilegiado.,-31.996,-65.014,https://gutierrezpalma.com.ar/propiedad/venta-de-lote-en-achiras-arriba-san-javier/
GP5,GP,Gutiérrez Palma Inmobiliaria,Lotes con vista panorámica – SJ,San Javier,,2000,35,57,O,SJZ4,Consultar,A consultar,FALSE,Vista panorámica excepcional.,-32.028,-65.031,https://gutierrezpalma.com.ar/propiedad/oportunidad-unica-en-san-javier/
SJP1,SJP,San Javier Propiedades,"Últimos lotes – B° San Onofre, SJ",San Javier,,1000,25,40,O,SJZ4,Consultar,A consultar,FALSE,A 700m de la Plaza de San Javier. Barrio en desarrollo.,-32.026,-65.03,https://sanjavierpropiedades.com/propiedades/lotes-en-san-javier-2/
VT1,VT,Vitullo Gestión Inmobiliaria,1Ha – Yacanto (400m de Ruta 14),Yacanto,,10000,65,154,O,SJZ1,Escritura,"Luz, agua corriente",FALSE,"Terreno boscoso. Bajada al arroyo ""Yacanto"". Escritura inmediata. Coord. exactas en aviso.",-32.042.213,-65.033.933,https://www.argenprop.com/vitullo-gestion-inmobiliaria/terrenos/argentina?anunciante-242335=
VT2,VT,Vitullo Gestión Inmobiliaria,10.548+13.331m² – Yacanto (dos fracciones),Yacanto,,23879,100,239,O,SJZ1,A consultar,A consultar,FALSE,Dos fracciones boscosas. Se venden juntas o separadas.,-32.045,-65.035,https://www.argenprop.com/vitullo-gestion-inmobiliaria/terrenos/argentina?anunciante-242335=
VT3,VT,Vitullo Gestión Inmobiliaria,"18.358m² – La Población, SJ",La Población,,18358,90,204,O,LPLP,A consultar,"Luz, agua corriente",FALSE,Metros de Ruta 14. Vista a los Comechingones. Pequeño bosque autóctono añoso.,-32.064,-65.029,https://www.argenprop.com/vitullo-gestion-inmobiliaria/terrenos/argentina?anunciante-242335=
IH1,IH,Inverhome Inmobiliaria,"Loteo 28 lotes 5.000–6.100m², SJ/Yacanto",San Javier,,5500,50,110,O,SJZ7,A confirmar,A consultar,FALSE,"≈USD 6/m² (30k–37k/lote). Financiación (entrega USD 20k + saldo). Vista al Champaquí. 4.8km plaza SJ, 1km Ruta 14.",-32.03,-65.03,https://www.argenprop.com/terrenos/venta/san-javier-cordoba
O1,O,Claudia Loza Inmob.,300m² – Canal de Beagle 1416,Mina Clavero,15000,300,10,30,N,Z3,Derechos posesorios,"Luz, agua",FALSE,A 300m del Balneario Los Cedros. Lote en zona residencial.,-31.746.361,-65.009.341,https://www.nuroa.com.ar/venta/terreno-mina-clavero
O2,O,López Sacco / iCasas,325m² – Barrio San Sebastián (sobre ruta 14),Mina Clavero,27800,325,10,32.5,N,Z3,Escritura,"Electricidad, agua, internet, cable",TRUE,"Sobre Ruta 14. Frente al río. Plano, parcialmente forestado. Excelente para renta turística.",-317.452,-65.009,https://lopezsacco.com/lote-de-playa-venta-san-sebastian-mina-clavero/9750717
O3,O,iCasas / Alaniz Diez,3.822m² con pileta y cabaña,Mina Clavero,280000,3822,50,76,S,Z3,Escritura,"Luz, agua, cloacas",FALSE,300m de Av San Martín. Ideal hotel o complejo.,-317.278,-65.006,https://www.icasas.com.ar/venta/terrenos-lotes/cordoba-provincia/mina-clavero
O4,O,FP Inmobiliaria,"1Ha – Achiras Arriba, Champaquí",Achiras,36000,10000,65,154,O,SJZ1,Escritura,Agua y luz,FALSE,3.5km de SJ. Ideal vivienda o turismo.,-32.025,-65.045,https://www.icasas.com.ar/inmueble/bcad-95b3-1961f41-622c676c1fe-77f2
O5,O,ArgenProp,Lotes con escritura – plaza SJ,San Javier,,2900,35,83,O,SJZ3,Escritura,"Luz, agua",FALSE,"3 lotes: 2.220m² (esq.), 3.652m², 2.927m². Ideal turístico.",-32.025,-65.03,https://www.argenprop.com/terrenos/venta/san-javier-cordoba
O6,O,Brene Inmob. / iCasas,"625m² – Panaholma, 100m del río",Panaholma,,625,20,31,O,GEN,A confirmar,A consultar,FALSE,Hermoso lote en localidad tranquila.,-31.633,-65.055,https://www.icasas.com.ar/venta/terrenos/cordoba-provincia/san-javier-yacanto
DN1,DN,Denacimiento Propiedades,277m² – Intendente Oviedo y Olmos (1 cdra del casino),Mina Clavero,22000,277,10,27.7,S,Z4,Escritura,Luz,TRUE,"Escritura. Luz instalada, medianeras levantadas. A metros de Av. San Martín. Ideal comercial o residencial.",-317.223,-650.015,https://denacimientopropiedades.com/propiedades/propiedad/terreno-con-escritura-en-mina-clavero/
DN2,DN,Denacimiento Propiedades,"2.5Ha – Paso de las Tropas, Nono (bajada Río Chico)",Nono,30000,25000,100,250,O,NR,Cesión de derechos,Luz en calle,FALSE,"Cesión de derechos posesorios +20 años. Bajada al Río Chico de Nono. Alambrado. Mejoras: parrillas, casilla.",-318.072,-650.075,https://denacimientopropiedades.com/propiedades/ciudad/nono/
DN3,DN,Denacimiento Propiedades,Terreno oportunidad – Nono (calle pública s/n),Nono,69000,3000,40,75,O,NP,A consultar,A consultar,FALSE,Oportunidad. Publicado hace 1 mes. Consultar superficie exacta.,-31.796,-65.002,https://denacimientopropiedades.com/propiedades/ciudad/nono/
HE1,HE,Herrera Inmobiliaria,"300m² – Costanera Norte, VCB (media cdra del río)",Villa Cura Brochero,15000,300,10,30,N,VCB,A consultar,A consultar,TRUE,"Oportunidad. 10m × 30m. A media cuadra del Río Panaholma, 5 cuadras terminal, 6 cuadras plaza.",-317.071,-650.187,https://herrerainmobiliaria.com.ar/propiedad/lote-zona-residencial-a-metro-de-rio-panaholma/
HE2,HE,Herrera Inmobiliaria,"420m² – Poeta Lugones, 1 cuadra Av. San Martín",Mina Clavero,50000,420,10,42,S,Z3,A consultar,A consultar,TRUE,10m × 42m. Fondo. A 1 cuadra de Av. San Martín y 2.5 cuadras del casino. Zona comercial/peatonal.,-317.201,-650.038,https://herrerainmobiliaria.com.ar/propiedad/lote-ideal-vivienda-de-veraneo-salida-directa-a-rio/
HE3,HE,Herrera Inmobiliaria,"Lotes – VCB (4 cuadras centro, financiación)",Villa Cura Brochero,28000,800,20,40,O,VCB,A consultar,A consultar,FALSE,"Financiación propia. 4 cuadras del centro, 2 cuadras del polideportivo. Varios lotes disponibles.",-317.068,-65.018,https://herrerainmobiliaria.com.ar/propiedad/lotes-con-excelente-ubicacion-financiacion/
FP1,FP,FP Inmobiliaria,Lote – Las Tapias (200m del Dique Nivelador),Las Tapias,8000,700,20,35,O,GEN,Posesión veinteñal,A consultar,FALSE,"Posesión veinteñal. Sobre calle principal asfaltada. 200m del ingreso al Dique ""Boca del Río"".",-31.96,-65.094,https://www.fpinmuebles.com.ar/tipo-propiedad/terreno-lote/
FP2,FP,FP Inmobiliaria,"Lote – Los Pozos, Villa de Las Rosas",Villa de Las Rosas,65000,2000,35,57,O,VLR3,A consultar,A consultar,FALSE,"Zona Los Pozos, VLR. Vista a las sierras.",-31.923,-65.041,https://www.fpinmuebles.com.ar/tipo-propiedad/terreno-lote/
ME1,ME,Varios anunciantes (ArgenProp),896m² – Villa de Merlo (3 min del centro),Merlo,15000,896,20,45,O,MLO,Escritura,A consultar,FALSE,"Villa de Merlo, San Luis. 3 minutos del centro. Vista a sierras y valle. Barrio en desarrollo. Desde USD 15.000.",-323.488,-650.135,https://www.argenprop.com/terrenos/venta/merlo-junin
ME2,ME,ArgenProp / BienesOnline,"1.500m² – Cerro de Oro, Merlo (faldeo serrano)",Merlo,28000,1500,30,50,O,MLOU,A confirmar,"Luz, agua",FALSE,Sobre faldeo. Vista panorámica al valle y sierras. Luz y agua. Zona tranquila.,-32.344,-65.009,https://www.argenprop.com/terrenos/venta/merlo-junin
ME3,ME,ArgenProp,"1.500m² – Piedra Blanca, Merlo",Merlo,28000,1500,25,60,O,MLO,A confirmar,"Luz, agua",FALSE,Piedra Blanca. Entorno natural. Luz y agua potable. Bases terminadas para vivienda de 80m².,-32.35,-65.012,https://www.argenprop.com/terrenos/venta/merlo-junin
ME4,ME,ArgenProp,"1.039m² – Rincón del Este, Merlo (sobre Ruta 5)",Merlo,80000,1039,19.6,53,N,MLO,A confirmar,Todos los servicios,FALSE,Zona premium. Vista al valle y sierras de Comechingones. Todos los servicios incl. gas natural.,-32.336,-65.003,https://www.argenprop.com/terrenos/venta/merlo-junin
ME5,ME,Varios anunciantes,420m² – Santa Rosa del Conlara (12m × 35m),Santa Rosa del Conlara,8000,420,12,35,O,MLO,A confirmar,A consultar,TRUE,"A 18km de Merlo, ingreso por autopista. Vista al Valle del Conlara y Comechingones. Financiación.",-323.423,-652.016,https://www.bullano.com.ar/terrenos/venta--san-luis--san-luis-merlo.html
ME6,ME,ArgenProp,7.098m² – Carpintería (5km de Merlo),Carpintería,50000,7098,65,109,O,MLOU,A confirmar,"Electricidad, agua, wi-fi",FALSE,Sobre Av. Los Mandarinos (asfalto). 700m del centro de Carpintería. Excelente arboleda. Subdivisión posible.,-324.155,-650.086,https://www.argenprop.com/terrenos/venta/merlo-junin
TG1,TG,Tagliabue Propiedades,"800m² – Jardines de la Plaza Lote 175 (esq., 500m plaza)",Merlo,39000,800,20,40,N,MLO,Escritura,Todos incl. gas,TRUE,Doble frente Norte y Este. Gas natural. Parquizado. A 500m de la plaza Sobremonte. Escritura inmediata. Jorge Tagliabue Mat.768.,-323.423,-650.152,https://tagliabuepropiedades.com/propiedad/5399978-2/
TG2,TG,Tagliabue Propiedades,1.000m² – Av. del Deporte y Carlos Gardel (800m centro),Merlo,32000,1000,20,50,O,MLO,A confirmar,"Agua, luz",TRUE,1000.20m². Zona de mayor crecimiento. Fácil acceso. Servicios. Posibilidad gas natural.,-323.453,-65.013,https://tagliabuepropiedades.com/propiedad/6011737-2/
TG3,TG,Tagliabue Propiedades,705m² – Valle de los Comechingones L10 (Ruta N°5),Merlo,17000,705,20,35,E,MLO,Escritura,Todos los servicios,TRUE,"Esquina, doble frente Este (Ruta N°5) y Sur. A 5 min del centro. Todos los servicios. Hermosa vista sierra y valle. Escritura inmediata.",-32.349,-650.104,https://tagliabuepropiedades.com/propiedad/5707849-2/
TG4,TG,Tagliabue Propiedades,1.010m² – Merlo (destacado),Merlo,24000,1010,20,50,O,MLO,A confirmar,A consultar,FALSE,Destacado en homepage. Consultar ubicación exacta.,-323.435,-650.125,https://tagliabuepropiedades.com
TG5,TG,Tagliabue Propiedades,1.000m² – Merlo (destacado),Merlo,45000,1001,20,50,O,MLO,A confirmar,A consultar,FALSE,Destacado en homepage. Consultar ubicación exacta.,-32.341,-65.014,https://tagliabuepropiedades.com
TG6,TG,Tagliabue Propiedades,900m² – Barrio Privado Solares del Valle,Merlo,13000,900,20,45,O,MLO,Escritura,A consultar,FALSE,Barrio privado. Salida a dos calles. Vista al cordón serrano y al valle. Escriturado.,-323.525,-65.018,https://tagliabuepropiedades.com
TG7,TG,Tagliabue Propiedades,Loteo Sacramento – extremo sur Merlo (10 min centro),Merlo,,800,21,72,O,MLO,Escritura,A consultar,FALSE,"1.542m² (21×72m). Zona tranquila, 10 min del centro histórico. Escritura. Varios lotes disponibles.",-32.358,-650.165,https://tagliabuepropiedades.com/propiedad/4769614-2/
TG8,TG,Tagliabue Propiedades,Loteo Los Mollares – Rincón del Este,Merlo,,900,20,45,O,MLOU,Consultar,A consultar,FALSE,Loteo en faldeo de los Comechingones. Rincón del Este. Varios lotes disponibles.,-32.346,-649.975,https://tagliabuepropiedades.com/propiedad/50450-2/
TG9,TG,Tagliabue Propiedades,Jardines de la Plaza – loteo completo (lotes ~600m²),Merlo,,800,20,40,N,MLO,Escritura,Todos incl. gas,FALSE,Urbanización única en el radio céntrico. 500m de la plaza. Lotes desde 600m². Gas natural. Escritura inmediata.,-32.342,-65.013,https://tagliabuepropiedades.com/propiedad/51783-2/
SG1,SG,SG Seguridad y Gestión,"408m² – Barrio Los Troncos (Bv. Olivera, urgente)",Merlo,22000,408,17,24,O,MLO,Escritura,Agua y luz,FALSE,Último lote. A media cuadra de Bv. Olivera. 7 cuadras Colegio Bratti. Arbolado. Escritura inmediata. Se puede tomar vehículo. Urgente.,-323.472,-65.011,https://sginmobiliariamerlo.com/
SG2,SG,SG Seguridad y Gestión,"1.500m² – Los Nogales (faldeo serrano, doble salida)",Merlo,80000,1500,25,60,O,MLOU,Escritura,"Agua, luz",FALSE,"Salida a dos calles. Increíble arboleda autóctona. Vistas al valle y sierras. Agua, luz y escritura inmediata.",-32.331,-650.095,https://sginmobiliariamerlo.com/
SG3,SG,SG Seguridad y Gestión,"722m² – Los Molles (25.5m×28.3m, con pileta)",Los Molles,22000,722,25.5,28.3,O,MLO,Escritura,"Agua, luz, cloacas",TRUE,"25.50×28.32m. A 20m de Ruta 1. Cercado romboidal con portón. Agua, luz y cloacas. Pileta de material.",-32.358,-64.986,https://www.argenprop.com/inmuebles/venta/los-molles-junin
SG4,SG,SG Seguridad y Gestión,Loteo Los Molles – lotes 1.500m² (financiación),Los Molles,,1500,30,50,O,MLO,Consultar,"Agua, luz",FALSE,Zona residencial Los Molles. Vistas a las sierras. 100m de Ruta 1. Servicios en zona. Financiación: 50-60% entrega + cuotas sin interés.,-323.555,-64.987,https://sginmobiliariamerlo.com/
CI1,CI,Castro Inmobiliaria,1.186m² – Piedra Blanca Abajo (10 min centro),Merlo,20000,1186,21,56,O,MLO,A confirmar,A consultar,FALSE,Piedra Blanca Abajo. A metros del asfalto. A 10 minutos del centro. Zona tranquila y tradicional.,-323.505,-650.125,https://www.icasas.com.ar/agente/castro-inmobiliaria-27c6-8307-df9d26bf-259726acc7dd-421b
CI2,CI,Castro Inmobiliaria,Urbanización Las Magdalenas (lotes con gas natural),Merlo,,800,20,40,O,MLO,Escritura,Todos incl. gas,FALSE,100m de Av. Fermín Romero y Av. Norte. 5 min del centro. Gas natural. Escritura inmediata.,-32.343,-650.135,https://www.icasas.com.ar/agente/castro-inmobiliaria-27c6-8307-df9d26bf-259726acc7dd-421b
CI3,CI,Castro Inmobiliaria,Loteo Don Fermín – Piedra Blanca (junto al Algarrobo),Merlo,,800,20,40,O,MLO,Consultar,A consultar,FALSE,Frente al Parque del Algarrobo Abuelo (monumento natural). Piedra Blanca Abajo. Castro Inmobiliaria.,-32.342,-65.012,https://www.icasas.com.ar/agente/castro-inmobiliaria-27c6-8307-df9d26bf-259726acc7dd-421b
CI4,CI,Castro Inmobiliaria,"1.573m² – Merlo (Properati, feb 2026)",Merlo,18000,1573,28,56,O,MLO,A confirmar,A consultar,FALSE,"Publicado feb 2026. USD 18,000. Consultar ubicación exacta.",-323.465,-65.012,https://www.properati.com.ar/s/merlo-san-luis/terreno/venta
LO1,LO,Loyola Inmobiliaria,"1.043m² esq. – Piedra Blanca, Punto Norte (arboleda)",Merlo,,1043,20,52,N,MLO,Escritura,A consultar,TRUE,"Esquina, orientación norte. Vistas abiertas. Arboleda grande parquizada. Alambrado perimetral. Títulos perfectos. Listo para edificar.",-323.495,-650.128,https://www.argenprop.com/loyola-propiedades
ME7,ME,Kunze Inmobiliaria,"6.297m² – Los Nogales, Merlo (Kunze Inmobiliaria)",Merlo,145000,6297,55,115,O,MLOU,A confirmar,A consultar,FALSE,"Zona alta Los Nogales. Vistas extraordinarias. USD 145,000. Kunze Inmobiliaria (Properati ene 2026).",-323.325,-650.085,https://www.properati.com.ar/s/merlo-san-luis/terreno/venta
ME8,ME,Gatafoni Propiedades,"1.500m² – Merlo, faldeo (Gatafoni Propiedades)",Merlo,90000,1500,25,60,O,MLOU,A confirmar,A consultar,FALSE,"Vistas panorámicas. Pocas cuadras de Av. principal. Gatafoni Propiedades, Cnel Mercau 527, Merlo.",-323.395,-65.006,https://www.gatafonipropiedades.com.ar/
ME9,ME,Passerini Inmobiliaria,"Terreno – Merlo (Passerini Inmobiliaria, ene 2026)",Merlo,25000,900,20,45,O,MLO,A confirmar,A consultar,FALSE,"Publicado enero 2026 en Properati. USD 25,000. Consultar superficie y ubicación exacta.",-323.444,-650.115,https://www.properati.com.ar/s/merlo-san-luis/terreno/venta
ME10,ME,Barrera y Asociados,Terreno – Merlo (Barrera y Asociados),Merlo,22000,800,20,40,O,MLO,A confirmar,A consultar,FALSE,"Barrera y Asociados, sucursal Merlo (también en Belgrano/Colegiales, BsAs). Publicado en portales.",-32.345,-650.105,https://www.properati.com.ar/s/merlo-san-luis/terreno/venta
ME11,ME,Heima Negocios Inmob.,Barrio Las Magdalenas – Merlo (Heima Negocios Inmob.),Merlo,28500,700,20,35,O,MLO,A confirmar,A consultar,FALSE,Pocas cuadras Ruta 1 km 4. Alambrado olímpico 1.50m con postes de hormigón. Heima Negocios Inmobiliarios.,-32.344,-650.128,https://www.properati.com.ar/s/merlo-san-luis/terreno/venta
ME12,ME,Paolini Propiedades,Terreno – Merlo (Paolini Propiedades),Merlo,35000,900,20,45,O,MLO,A confirmar,A consultar,FALSE,Paolini Propiedades. Publicado Properati. Consultar superficie y ubicación exacta.,-32.343,-65.014,https://www.properati.com.ar/s/merlo-san-luis/terreno/venta
MA1,MA,Marengo Inmobiliaria,"754m² – Luis Tessandori (2 lotes, 200m Av San Martín)",Mina Clavero,,754,14,27,S,Z2B,Consultar,A consultar,FALSE,"Cod 13. 2 lotes céntricos contiguos, calle Luis Tessandori. A 200m Av. San Martín, 450m plaza, 300m unión ríos. Ideal edificio o vivienda amplia.",-31.721,-650.072,https://marengoinmobiliaria.com.ar/property-type/lote/
MA2,MA,Marengo Inmobiliaria,330m² – Luis Tessandori esq. Rivadavia (1 lote céntrico),Mina Clavero,,330,12,27,S,Z2B,Consultar,A consultar,FALSE,Cod 15. Lote céntrico con frente por dos calles. A 200m Av. San Martín. Ideal vivienda o pequeño complejo.,-317.212,-650.073,https://marengoinmobiliaria.com.ar/property-type/lote/
MA3,MA,Marengo Inmobiliaria,"342m² – Tucumán esq Jujuy (120m Av Belgrano, VCB)",Villa Cura Brochero,,342,12,28,E,VCB,Consultar,A consultar,FALSE,"Ubicación privilegiada. 120m de Av. Belgrano (principal arteria), 200m del Río Panaholma, 300m del centro comercial de VCB (Plaza Centenario).",-317.067,-650.196,https://marengoinmobiliaria.com.ar/property-type/lote/
MA4,MA,Marengo Inmobiliaria,"~2.000m² – Bajo El Molino, Nono (Ruta 14, 2km plaza)",Nono,35000,2000,30,67,O,NP,Consultar,A consultar,FALSE,"Sobre Ruta 14. Zona Bajo El Molino: metros del Río Chico de Nono, desvío Las Calles. 2km de la plaza de Nono, 9km de MC y 11km de VCB.",-318.082,-650.068,https://marengoinmobiliaria.com.ar/property-type/lote/
MA5,MA,Marengo Inmobiliaria,Lote esq. – Bvd Inti Co (Los Tilos) esq Jacaranda,Arroyo de los Patos,,1000,25,40,O,ZEU,Consultar,A consultar,FALSE,Cod 31. Esquina sobre Boulevard Inti Co (asfaltado) y calle Jacaranda. 300m de Ruta 14. Excelentes vistas a las sierras. En pleno contacto con la naturaleza.,-317.671,-650.003,https://marengoinmobiliaria.com.ar/property-type/lote/
MA6,MA,Marengo Inmobiliaria,7.297m² – San Lorenzo (56m frente × 130m fondo),San Lorenzo (MC),,7297,56,130,O,VCB,Consultar,A consultar,TRUE,56 metros de frente × 130 metros de fondo. A 300m de Av. Cura Brochero (asfaltada) y 400m del Río Panaholma. Ideal complejo de cabañas o vivienda familiar amplia.,-316.726,-650.178,https://marengoinmobiliaria.com.ar/property-type/lote/
MA7,MA,Marengo Inmobiliaria,800m² – Calle Córdoba s/n (150m río Panaholma),Mina Clavero,,800,20,40,S,Z3,Consultar,A consultar,FALSE,Superficie limpia de 800m². A 150m aprox. del río Panaholma y de Av. San Martín. 500m aprox. de la plaza principal. Zona residencial tranquila.,-317.219,-650.027,https://marengoinmobiliaria.com.ar/property-type/lote/
VB1,VB,Inmobiliaria Villa Brochero,"Lote – Gral. Urquiza esq., MC (camino al Nido del Águila)",Mina Clavero,30000,800,20,40,N,Z2B,Escritura,Agua y luz,FALSE,T141MC. Amplios lotes sobre calle General Urquiza en excepcional esquina. Camino al Nido del Águila. Escritura. Servicios. Inmobiliaria Villa Brochero (VCB).,-317.275,-650.006,https://www.villabrochero.com.ar/area/mina-clavero/
VB2,VB,Inmobiliaria Villa Brochero,"Lote – Gral. Urquiza, MC (esquina)",Mina Clavero,30000,800,20,40,N,Z2B,Escritura,Agua y luz,FALSE,"T142MC. Segundo lote disponible sobre calle General Urquiza, MC. Esquina. Escritura. Servicios.",-317.277,-650.007,https://www.villabrochero.com.ar/area/mina-clavero/
VB3,VB,Inmobiliaria Villa Brochero,"16.000m² – La Florida (90m frente, cruzando Río Los Sauces)",Mina Clavero,25000,16000,90,178,E,ZEU2,Escritura,Agua y luz en zona,TRUE,"T028MC. 90m frente × 160m fondo. Cruzando el puente de San Sebastián, al oeste del río. Camino a La Gloria. Monte autóctono. Escritura. 2 unidades de vivienda por Ha permitidas.",-317.175,-650.298,https://www.villabrochero.com.ar/propiedad/t028mc-terrenos-o-lotes-venta-mina-clavero/
VB4,VB,Inmobiliaria Villa Brochero,"900m² – Paraje Las Maravillas, VCB (vista 360° sierras)",Villa Cura Brochero,10000,900,18,50,O,VCB,Cesión de derechos,Luz a 50m,TRUE,2 lotes de 18m × 50m. USD 10.000 cada uno o USD 20.000 los dos. Alambrado perimetral. Luz a 50m. Vista 360° a las sierras. Buena acceso. Cesión de derechos posesorios.,-317.003,-650.238,https://www.villabrochero.com.ar/
VB5,VB,Inmobiliaria Villa Brochero,"Lotes – Camino a La Gloria, VCB (T112CB)",Villa Cura Brochero,,1200,22,55,O,VCB,Consultar,A consultar,FALSE,"T112CB. 2 lotes sobre camino a La Gloria, VCB. Acceso por camino público. Hermoso entorno natural.",-317.024,-650.213,https://www.villabrochero.com.ar/
MT1,MT,MT Inmobiliaria (T.G. Marengo),"~500m² – Mina Clavero (plano, vistas panorámicas)",Mina Clavero,27000,500,15,33,S,Z2B,Consultar,A consultar,FALSE,Terreno plano al frente con leve desnivel al contrafrente. Ideal aprovechamiento de vistas. A pasos del río y del centro. Permuta o financiación posible. Tomás G. Marengo Mat. 04-5686.,-317.232,-650.058,https://mtinmobiliaria.com/ficha-propiedad/hermoso-terreno-en-mina-clavero/
MS1,MS,Martín Sarobe Inmobiliaria,Lotes – Villa Dolores (Loteo Lo Tengo Ubicado),Villa Dolores,,1000,25,40,O,GEN,Consultar,Todos los servicios,FALSE,"Martín Sarobe Inmobiliaria, con base en Villa Dolores (capital comercial de Traslasierra). Lotes en loteos activos de la ciudad. Consultar disponibilidad y precios.",-319.486,-651.878,https://www.facebook.com/RadioVerdadVD/posts/martin-sarobe-inmobiliarianuevo-ingreso
SS1,SS,SG Soluciones Inmobiliarias,"800m² – Villa de Las Rosas (L. Lescano 50, Norte)",Villa de Las Rosas,15000,800,20,40,N,VLR2,Consultar,A consultar,TRUE,"Frente al Norte. Servicios. Ideal para construir casa de veraneo o cabaña turística. SG Soluciones – Ramón J. Cárcano 110, Villa Dolores.",-319.292,-650.408,https://www.sgsolucionesinmobiliarias.com/p/7563060-Terreno-en-Venta-en-Villa-De-Las-Rosas-L.-Lescano-50
SS2,SS,SG Soluciones Inmobiliarias,"9,75Ha – San Javier (campo)",San Javier,97200,97500,200,488,O,SJZ1,Consultar,A consultar,FALSE,9.75 Ha en San Javier. Servicios en zona. Ideal para emprendimiento turístico o loteo.,-32.027,-65.03,https://www.sgsolucionesinmobiliarias.com/p/7273660-Terreno-en-Venta-en-San-Javier-Publica-0
SS3,SS,SG Soluciones Inmobiliarias,"3,98Ha – San Javier (Ruta 14)",San Javier,45000,39800,100,398,O,SJZ6,Consultar,A consultar,FALSE,Sobre Ruta 14. 3.98 Ha en San Javier. Buen acceso. Servicios.,-32.031,-65.032,https://www.sgsolucionesinmobiliarias.com/p/7980477-Terreno-en-Venta-en-San-Javier-Ruta-14-0
SS4,SS,SG Soluciones Inmobiliarias,1.300m² – Las Tapias (calle pública),Las Tapias,7000,1300,25,52,O,GEN,Consultar,A consultar,FALSE,"Calle pública. Las Tapias, 10km de Villa Dolores y 40km de MC. Servicios a distancia.",-319.602,-650.942,https://www.sgsolucionesinmobiliarias.com/p/6006083-Terreno-en-Venta-en-Las-Tapias-Publica
SS5,SS,SG Soluciones Inmobiliarias,"3,5Ha – Quebrada de Los Pozos (VLR)",Villa de Las Rosas,27000,35125,100,351,O,VLR4,Consultar,A consultar,FALSE,"Quebrada de Los Pozos, VLR. 35.125m². Entorno natural. Servicios en zona.",-31.938,-65.042,https://www.sgsolucionesinmobiliarias.com/p/5520780-Terreno-en-Venta-en-Quebrada-De-Los-Pozos-Publica-0
SS6,SS,SG Soluciones Inmobiliarias,"501m² – Av. Costanera al 1800, Mina Clavero",Mina Clavero,47500,501,17,29,S,Z2B,Consultar,A consultar,TRUE,"Sobre Av. Costanera, 1800 al sur. A pasos del río. MC.",-31.72,-650.052,https://www.sgsolucionesinmobiliarias.com/p/7820805-Terreno-en-Venta-en-Mina-Clavero-Av-Costanera-al-1800
SS7,SS,SG Soluciones Inmobiliarias,238m² – Nono (José Manuel Amaya),Nono,32700,238,12,20,S,NC,Escritura,A consultar,TRUE,Urbano en Nono. José Manuel Amaya. Escritura. USD 32.700. SG Soluciones Inmobiliarias.,-317.972,-650.033,https://www.sgsolucionesinmobiliarias.com/Terrenos-en-Venta
SS8,SS,SG Soluciones Inmobiliarias,"2Ha – Las Tapias (campo, calle pública)",Las Tapias,44000,20000,80,250,O,GEN,Consultar,A consultar,FALSE,20.000m² en Las Tapias. Buena ubicación. Calle pública.,-31.956,-65.09,https://www.sgsolucionesinmobiliarias.com/p/7255776-Terreno-en-Venta-en-Las-Tapias-Publica-0
LB1,LB,López Baena Propiedades,"1,03Ha – Achiras Arriba, San Javier (4km plaza, vistas 360°)",San Javier,,10350,65,159,O,SJZ1,Escritura,"Agua, luz",FALSE,Achiras Arriba. 10.350m². Escritura. Agua y luz. Vistas únicas a todo el valle de Traslasierra. A 4km de la plaza de San Javier. Marcelo López Baena CPCI 4199.,-31.996,-65.014,https://lopezbaena.com.ar/Search?locations=32568&operation=1&ptypes=1
LB2,LB,López Baena Propiedades,"Desde 4.000m² – Rodeo de Piedra (1.010 msnm, Champaquí)",Villa de Las Rosas,,4000,40,100,O,SJZ1,Escritura,"Agua, luz",FALSE,"Fabulosos terrenos en Rodeo de Piedra. 1.010 MSNM. Escritura. Agua y luz. 2.5km de Los Molles, 6km de VLR y San Javier. Acceso al Cerro Champaquí. Vistas panorámicas. Desde 4.000m².",-32.046,-65.003,https://www.lopezbaena.com.ar/p/1241141-Terreno-en-Venta-en-Rodeo-De-Piedra
LB3,LB,López Baena Propiedades,"Terreno – Los Hornillos (700m Ruta 14, junto a La Rudita)",Los Hornillos,,2000,35,57,O,ZEU,A consultar,A consultar,FALSE,"Pegado al complejo de cabañas La Rudita. A 700m de Ruta 14. 14km de Nono, 22km de MC. López Baena Propiedades CPCI 4199.",-31.903,-64.981,https://lopezbaena.com.ar/Search?locations=32568&operation=1&ptypes=1
LB4,LB,López Baena Propiedades,"Terreno – Barrio San Onofre, San Javier (plano, escritura)",San Javier,,1000,25,40,O,SJZ4,Escritura,Todos los servicios,FALSE,Barrio San Onofre (Las Chacras). Superficie plana. Vistas a las Sierras Grandes. Vegetación. Cerco perimetral. Todos los impuestos al día. Escritura. Apto crédito.,-319.495,-651.155,https://www.zonaprop.com.ar/inmobiliarias/lopez-baena-propiedades_30022521-terrenos-san-javier-cb.html
LB5,LB,López Baena Propiedades,"9Ha – campo MC (5km plaza, vertiente permanente, escritura)",Mina Clavero,,90000,200,450,O,ZEU2,Escritura,Agua y luz por frente,FALSE,9+ Ha a 5km de la plaza de Mina Clavero. Leve desnivel con vistas a MC hacia el oeste. Vertiente activa permanente en parte baja. Vegetación autóctona. Antiguas pircas. Escritura perfecta.,-31.68,-65.01,https://www.lopezbaena.com.ar/p/2782854-Campo-en-Venta-en-Mina-Clavero-mina-clavero
LB6,LB,López Baena Propiedades,"1.000m² – Las Tapias (100m Ruta 14, derechos posesorios)",Las Tapias,,1000,20,50,O,GEN,Derechos posesorios,Servicios a 50m,FALSE,"1.000m² en buena ubicación de Las Tapias. A 100m de Ruta 14. 10km de Villa Dolores, 40km de MC. Derechos posesorios correctos y demostrables. Servicios a 50m.",-319.605,-650.938,https://lopezbaena.com.ar/Search?locations=32568&operation=1&ptypes=1
LB7,LB,López Baena Propiedades,"1+Ha – Yacanto, Traslasierra",Yacanto,,10000,50,200,O,SJZ1,A consultar,A consultar,FALSE,Más de 1 hectárea en Yacanto. Terrenos en un punto paradisíaco. Libertad de diseño. Ideal casa de retiro o emprendimiento turístico. López Baena Propiedades.,-32.073,-64.976,https://lopezbaena.com.ar/Search?locations=32568&operation=1&ptypes=1
LB8,LB,López Baena Propiedades,"Terrenos – Los Pozos VLR (escritura, vistas panorámicas)",Villa de Las Rosas,,5000,40,125,O,VLR4,Escritura,A consultar,FALSE,"Los Pozos, Villa de Las Rosas. Vistas panorámicas. Escritura. Varios lotes disponibles.",-31.926,-65.044,https://lopezbaena.com.ar/Search?locations=32568&operation=1&ptypes=1